{
	"飲水機": {
			"飲水機1-1": {
					"位址": [
							24.786852512077758,
							120.99864089720543
					]
			},
			"飲水機1-2": {
					"位址": [
							24.786832017985837,
							120.99864089720543
					]
			},
			"飲水機1-3": {
					"位址": [
							24.786563516625037,
							120.99861551447023
					]
			},
			"飲水機1-4": {
					"位址": [
							24.78601805019011,
							120.9986058368385
					]
			},
			"飲水機1-5": {
					"位址": [
							24.78601805019011,
							120.99857901474837
					]
			},
			"飲水機1-6": {
					"位址": [
							24.786852512077758,
							120.99840111556868
					]
			},
			"飲水機1-7": {
					"位址": [
							24.786852512077758,
							120.9981710586543
					]
			},
			"飲水機1-8": {
					"位址": [
							24.78681297731619,
							120.9981710586543
					]
			},
			"飲水機1-9": {
					"位址": [
							24.78640596499262,
							120.99813786572372
					]
			},
			"飲水機1-10": {
					"位址": [
							24.78601805019011,
							120.9982089885264
					]
			},
			"飲水機1-11": {
					"位址": [
							24.78601805019011,
							120.99816062502057
					]
			}
	},
	"一般座位區": {
			"一般座位區1-1": {
					"位址": [
							24.786852512077758,
							120.9986234024218
					]
			},
			"一般座位區1-2": {
					"位址": [
							24.786852512077758,
							120.9985873150648
					]
			},
			"一般座位區1-3": {
					"位址": [
							24.786852512077758,
							120.9985557386274
					]
			},
			"一般座位區1-4": {
					"位址": [
							24.786617724024055,
							120.99860761420312
					]
			},
			"一般座位區1-5": {
					"位址": [
							24.786494863366496,
							120.99860761420312
					]
			},
			"一般座位區1-6": {
					"位址": [
							24.786352549619405,
							120.99858393187506
					]
			},
			"一般座位區1-7": {
					"位址": [
							24.786326953604398,
							120.99858393187506
					]
			},
			"一般座位區1-8": {
					"位址": [
							24.786336168170404,
							120.99855235543767
					]
			},
			"一般座位區1-9": {
					"位址": [
							24.78624299863815,
							120.99858393187506
					]
			},
			"一般座位區1-10": {
					"位址": [
							24.786617724024055,
							120.99841138919936
					]
			},
			"一般座位區1-11": {
					"位址": [
							24.78648667265165,
							120.99843056060777
					]
			},
			"一般座位區1-12": {
					"位址": [
							24.786501006402247,
							120.99841138919936
					]
			},
			"一般座位區1-13": {
					"位址": [
							24.78647643425736,
							120.99841138919936
					]
			},
			"一般座位區1-14": {
					"位址": [
							24.786339239692264,
							120.99841138919936
					]
			},
			"一般座位區1-15": {
					"位址": [
							24.78623480790669,
							120.99843056060777
					]
			},
			"一般座位區1-16": {
					"位址": [
							24.78624914168637,
							120.99841138919936
					]
			},
			"一般座位區1-17": {
					"位址": [
							24.786224569491587,
							120.99841138919936
					]
			},
			"一般座位區1-18": {
					"位址": [
							24.786617724024055,
							120.99822418603486
					]
			},
			"一般座位區1-19": {
					"位址": [
							24.786617724024055,
							120.9981959927872
					]
			},
			"一般座位區1-20": {
					"位址": [
							24.78648667265165,
							120.99822418603486
					]
			},
			"一般座位區1-21": {
					"位址": [
							24.78648667265165,
							120.9981959927872
					]
			},
			"一般座位區1-22": {
					"位址": [
							24.786339239692264,
							120.99822418603486
					]
			},
			"一般座位區1-23": {
					"位址": [
							24.786339239692264,
							120.9981959927872
					]
			},
			"一般座位區1-24": {
					"位址": [
							24.78624914168637,
							120.99822418603486
					]
			},
			"一般座位區1-25": {
					"位址": [
							24.78624914168637,
							120.9981959927872
					]
			}
	},
	"高腳椅區": {
			"高腳椅區1-1": {
					"位址": [
							24.78666280119584,
							120.99864089720543
					]
			},
			"高腳椅區1-2": {
					"位址": [
							24.78666280119584,
							120.99861957819915
					]
			},
			"高腳椅區1-3": {
					"位址": [
							24.78666280119584,
							120.99858688375515
					]
			},
			"高腳椅區1-4": {
					"位址": [
							24.786326953604398,
							120.99864089720543
					]
			},
			"高腳椅區1-5": {
					"位址": [
							24.786326953604398,
							120.99860139388805
					]
			},
			"高腳椅區1-6": {
					"位址": [
							24.78601805019011,
							120.99843056060777
					]
			},
			"高腳椅區1-7": {
					"位址": [
							24.78601805019011,
							120.99841138919936
					]
			},
			"高腳椅區1-8": {
					"位址": [
							24.786852512077758,
							120.99822946505142
					]
			},
			"高腳椅區1-9": {
					"位址": [
							24.786839630265284,
							120.99825360493114
					]
			},
			"高腳椅區1-10": {
					"位址": [
							24.786563516625037,
							120.99822418603486
					]
			},
			"高腳椅區1-11": {
					"位址": [
							24.786563516625037,
							120.9981959927872
					]
			},
			"高腳椅區1-12": {
					"位址": [
							24.786326953604398,
							120.99822418603486
					]
			},
			"高腳椅區1-13": {
					"位址": [
							24.786326953604398,
							120.9981959927872
					]
			}
	},
	"公用印表機": {
			"公用印表機1-1": {
					"位址": [
							24.786493413380953,
							120.99861551447023
					]
			},
			"公用印表機1-2": {
					"位址": [
							24.786480629031594,
							120.99861551447023
					]
			},
			"公用印表機1-3": {
					"位址": [
							24.786464800787716,
							120.99861551447023
					]
			},
			"公用印表機1-4": {
					"位址": [
							24.786030679517555,
							120.99861102559387
					]
			},
			"公用印表機1-5": {
					"位址": [
							24.786030679517555,
							120.99856171378401
					]
			},
			"公用印表機1-6": {
					"位址": [
							24.78601805019011,
							120.99851998840646
					]
			},
			"公用印表機1-7": {
					"位址": [
							24.786698003417577,
							120.99822129018041
					]
			},
			"公用印表機1-8": {
					"位址": [
							24.786724789624895,
							120.9981710586543
					]
			},
			"公用印表機1-9": {
					"位址": [
							24.78668156642383,
							120.9981710586543
					]
			},
			"公用印表機1-10": {
					"位址": [
							24.78644170782314,
							120.9981710586543
					]
			},
			"公用印表機1-11": {
					"位址": [
							24.786156067865306,
							120.99816407803749
					]
			},
			"公用印表機1-12": {
					"位址": [
							24.786121367391075,
							120.99816407803749
					]
			},
			"公用印表機1-13": {
					"位址": [
							24.786084231785107,
							120.99816407803749
					]
			}
	},
	"服務台": {
			"服務台1-1": {
					"位址": [
							24.786473513466387,
							120.99821441470797
					]
			}
	},
	"沙發區": {
			"沙發區1-1": {
					"位址": [
							24.786560769236992,
							120.99851357307946
					]
			},
			"沙發區1-2": {
					"位址": [
							24.786373265416287,
							120.99855235543767
					]
			},
			"沙發區1-3": {
					"位址": [
							24.786381788323382,
							120.99849479761747
					]
			},
			"沙發區1-4": {
					"位址": [
							24.786346479133044,
							120.99849479761747
					]
			},
			"沙發區1-5": {
					"位址": [
							24.78618332619215,
							120.99849747982631
					]
			},
			"沙發區1-6": {
					"位址": [
							24.78620280715158,
							120.99846261111117
					]
			},
			"沙發區1-7": {
					"位址": [
							24.786161410109113,
							120.99846261111117
					]
			},
			"沙發區1-8": {
					"位址": [
							24.78676047410292,
							120.99841138919936
					]
			},
			"沙發區1-9": {
					"位址": [
							24.78670933680769,
							120.99841138919936
					]
			},
			"沙發區1-10": {
					"位址": [
							24.78676047410292,
							120.99834052516132
					]
			},
			"沙發區1-11": {
					"位址": [
							24.78670933680769,
							120.99834052516132
					]
			},
			"沙發區1-12": {
					"位址": [
							24.786734905457962,
							120.9982976098196
					]
			},
			"沙發區1-13": {
					"位址": [
							24.78652670343838,
							120.99831370307272
					]
			},
			"沙發區1-14": {
					"位址": [
							24.78629536745133,
							120.99831370307272
					]
			},
			"沙發區1-15": {
					"位址": [
							24.786314848393207,
							120.99827346993989
					]
			},
			"沙發區1-16": {
					"位址": [
							24.786275886506427,
							120.99827615214875
					]
			}
	},
	"販賣機": {
			"販賣機1-1": {
					"位址": [
							24.78685780717959,
							120.99835592153343
					]
			},
			"販賣機1-2": {
					"位址": [
							24.78602319543469,
							120.99829413741193
					]
			}
	},
	"公用電腦": {
			"公用電腦1-1": {
					"位址": [
							24.78623671342494,
							120.99834467930361
					]
			},
			"公用電腦1-2": {
					"位址": [
							24.786198098261824,
							120.99834467930361
					]
			},